File,aid,Date,2116,2120,2122,2124,2185,2189,2190,2261,3154,3158,3162,3222,3226
_250m_16_days_VI_Quality_2014353_aid0001,aid0001,2014-12-19 00:00:00+00:00,3103.0,,,,124.0,,,,,,,,
_250m_16_days_VI_Quality_2015001_aid0001,aid0001,2015-01-01 00:00:00+00:00,3151.0,,,,76.0,,,,,,,,
_250m_16_days_VI_Quality_2015017_aid0001,aid0001,2015-01-17 00:00:00+00:00,3223.0,4.0,,,,,,,,,,,
_250m_16_days_VI_Quality_2015033_aid0001,aid0001,2015-02-02 00:00:00+00:00,3123.0,88.0,,,16.0,,,,,,,,
_250m_16_days_VI_Quality_2015049_aid0001,aid0001,2015-02-18 00:00:00+00:00,3227.0,,,,,,,,,,,,
_250m_16_days_VI_Quality_2015065_aid0001,aid0001,2015-03-06 00:00:00+00:00,3107.0,4.0,,,116.0,,,,,,,,
_250m_16_days_VI_Quality_2015081_aid0001,aid0001,2015-03-22 00:00:00+00:00,3195.0,12.0,,,20.0,,,,,,,,
_250m_16_days_VI_Quality_2015097_aid0001,aid0001,2015-04-07 00:00:00+00:00,3207.0,,,,20.0,,,,,,,,
_250m_16_days_VI_Quality_2015113_aid0001,aid0001,2015-04-23 00:00:00+00:00,3143.0,4.0,,,80.0,,,,,,,,
_250m_16_days_VI_Quality_2015129_aid0001,aid0001,2015-05-09 00:00:00+00:00,3167.0,,,,60.0,,,,,,,,
_250m_16_days_VI_Quality_2015145_aid0001,aid0001,2015-05-25 00:00:00+00:00,2971.0,,,,256.0,,,,,,,,
_250m_16_days_VI_Quality_2015161_aid0001,aid0001,2015-06-10 00:00:00+00:00,3147.0,4.0,,,76.0,,,,,,,,
_250m_16_days_VI_Quality_2015177_aid0001,aid0001,2015-06-26 00:00:00+00:00,3215.0,,,,12.0,,,,,,,,
_250m_16_days_VI_Quality_2015193_aid0001,aid0001,2015-07-12 00:00:00+00:00,3163.0,,,,64.0,,,,,,,,
_250m_16_days_VI_Quality_2015209_aid0001,aid0001,2015-07-28 00:00:00+00:00,3203.0,,,,24.0,,,,,,,,
_250m_16_days_VI_Quality_2015225_aid0001,aid0001,2015-08-13 00:00:00+00:00,3207.0,4.0,,,16.0,,,,,,,,
_250m_16_days_VI_Quality_2015241_aid0001,aid0001,2015-08-29 00:00:00+00:00,3171.0,,,,56.0,,,,,,,,
_250m_16_days_VI_Quality_2015257_aid0001,aid0001,2015-09-14 00:00:00+00:00,3227.0,,,,,,,,,,,,
_250m_16_days_VI_Quality_2015273_aid0001,aid0001,2015-09-30 00:00:00+00:00,3003.0,,,,224.0,,,,,,,,
_250m_16_days_VI_Quality_2015289_aid0001,aid0001,2015-10-16 00:00:00+00:00,2995.0,72.0,,,160.0,,,,,,,,
_250m_16_days_VI_Quality_2015305_aid0001,aid0001,2015-11-01 00:00:00+00:00,2879.0,,,,348.0,,,,,,,,
_250m_16_days_VI_Quality_2015321_aid0001,aid0001,2015-11-17 00:00:00+00:00,3127.0,,,,100.0,,,,,,,,
_250m_16_days_VI_Quality_2015337_aid0001,aid0001,2015-12-03 00:00:00+00:00,3179.0,,,,48.0,,,,,,,,
_250m_16_days_VI_Quality_2015353_aid0001,aid0001,2015-12-19 00:00:00+00:00,2719.0,,,,508.0,,,,,,,,
_250m_16_days_VI_Quality_2016001_aid0001,aid0001,2016-01-01 00:00:00+00:00,3223.0,,,,4.0,,,,,,,,
_250m_16_days_VI_Quality_2016017_aid0001,aid0001,2016-01-17 00:00:00+00:00,2483.0,,,,744.0,,,,,,,,
_250m_16_days_VI_Quality_2016033_aid0001,aid0001,2016-02-02 00:00:00+00:00,2660.0,495.0,,,72.0,,,,,,,,
_250m_16_days_VI_Quality_2016049_aid0001,aid0001,2016-02-18 00:00:00+00:00,2102.0,588.0,,,328.0,209.0,,,,,,,
_250m_16_days_VI_Quality_2016065_aid0001,aid0001,2016-03-05 00:00:00+00:00,2967.0,4.0,,,256.0,,,,,,,,
_250m_16_days_VI_Quality_2016081_aid0001,aid0001,2016-03-21 00:00:00+00:00,3075.0,,,,152.0,,,,,,,,
_250m_16_days_VI_Quality_2016097_aid0001,aid0001,2016-04-06 00:00:00+00:00,2891.0,,,,336.0,,,,,,,,
_250m_16_days_VI_Quality_2016113_aid0001,aid0001,2016-04-22 00:00:00+00:00,3095.0,,,,132.0,,,,,,,,
_250m_16_days_VI_Quality_2016129_aid0001,aid0001,2016-05-08 00:00:00+00:00,3175.0,,,,52.0,,,,,,,,
_250m_16_days_VI_Quality_2016145_aid0001,aid0001,2016-05-24 00:00:00+00:00,3199.0,,,,28.0,,,,,,,,
_250m_16_days_VI_Quality_2016161_aid0001,aid0001,2016-06-09 00:00:00+00:00,3191.0,,,,36.0,,,,,,,,
_250m_16_days_VI_Quality_2016177_aid0001,aid0001,2016-06-25 00:00:00+00:00,3175.0,,,,52.0,,,,,,,,
_250m_16_days_VI_Quality_2016193_aid0001,aid0001,2016-07-11 00:00:00+00:00,3227.0,,,,,,,,,,,,
_250m_16_days_VI_Quality_2016209_aid0001,aid0001,2016-07-27 00:00:00+00:00,3207.0,,,,20.0,,,,,,,,
_250m_16_days_VI_Quality_2016225_aid0001,aid0001,2016-08-12 00:00:00+00:00,3095.0,,,,132.0,,,,,,,,
_250m_16_days_VI_Quality_2016241_aid0001,aid0001,2016-08-28 00:00:00+00:00,3227.0,,,,,,,,,,,,
_250m_16_days_VI_Quality_2016257_aid0001,aid0001,2016-09-13 00:00:00+00:00,3203.0,,,,24.0,,,,,,,,
_250m_16_days_VI_Quality_2016273_aid0001,aid0001,2016-09-29 00:00:00+00:00,3227.0,,,,,,,,,,,,
_250m_16_days_VI_Quality_2016289_aid0001,aid0001,2016-10-15 00:00:00+00:00,3194.0,4.0,,,29.0,,,,,,,,
_250m_16_days_VI_Quality_2016305_aid0001,aid0001,2016-10-31 00:00:00+00:00,3147.0,,,,80.0,,,,,,,,
_250m_16_days_VI_Quality_2016321_aid0001,aid0001,2016-11-16 00:00:00+00:00,3223.0,,,,4.0,,,,,,,,
_250m_16_days_VI_Quality_2016337_aid0001,aid0001,2016-12-02 00:00:00+00:00,3203.0,,,,24.0,,,,,,,,
_250m_16_days_VI_Quality_2016353_aid0001,aid0001,2016-12-18 00:00:00+00:00,3179.0,,,,48.0,,,,,,,,
_250m_16_days_VI_Quality_2017001_aid0001,aid0001,2017-01-01 00:00:00+00:00,3131.0,,,,96.0,,,,,,,,
_250m_16_days_VI_Quality_2017017_aid0001,aid0001,2017-01-17 00:00:00+00:00,2675.0,,,,552.0,,,,,,,,
_250m_16_days_VI_Quality_2017033_aid0001,aid0001,2017-02-02 00:00:00+00:00,3031.0,,,,196.0,,,,,,,,
_250m_16_days_VI_Quality_2017049_aid0001,aid0001,2017-02-18 00:00:00+00:00,3067.0,,,,160.0,,,,,,,,
_250m_16_days_VI_Quality_2017065_aid0001,aid0001,2017-03-06 00:00:00+00:00,2903.0,36.0,,,288.0,,,,,,,,
_250m_16_days_VI_Quality_2017081_aid0001,aid0001,2017-03-22 00:00:00+00:00,2883.0,,,,344.0,,,,,,,,
_250m_16_days_VI_Quality_2017097_aid0001,aid0001,2017-04-07 00:00:00+00:00,3031.0,,,,196.0,,,,,,,,
_250m_16_days_VI_Quality_2017113_aid0001,aid0001,2017-04-23 00:00:00+00:00,2963.0,,,,264.0,,,,,,,,
_250m_16_days_VI_Quality_2017129_aid0001,aid0001,2017-05-09 00:00:00+00:00,3203.0,4.0,,,20.0,,,,,,,,
_250m_16_days_VI_Quality_2017145_aid0001,aid0001,2017-05-25 00:00:00+00:00,2871.0,4.0,,,352.0,,,,,,,,
_250m_16_days_VI_Quality_2017161_aid0001,aid0001,2017-06-10 00:00:00+00:00,3071.0,,,,156.0,,,,,,,,
_250m_16_days_VI_Quality_2017177_aid0001,aid0001,2017-06-26 00:00:00+00:00,3083.0,,,,144.0,,,,,,,,
_250m_16_days_VI_Quality_2017193_aid0001,aid0001,2017-07-12 00:00:00+00:00,3007.0,,,,220.0,,,,,,,,
_250m_16_days_VI_Quality_2017209_aid0001,aid0001,2017-07-28 00:00:00+00:00,2979.0,,,,248.0,,,,,,,,
_250m_16_days_VI_Quality_2017225_aid0001,aid0001,2017-08-13 00:00:00+00:00,3007.0,,,,220.0,,,,,,,,
_250m_16_days_VI_Quality_2017241_aid0001,aid0001,2017-08-29 00:00:00+00:00,3135.0,,,,92.0,,,,,,,,
_250m_16_days_VI_Quality_2017257_aid0001,aid0001,2017-09-14 00:00:00+00:00,3067.0,,,,160.0,,,,,,,,
_250m_16_days_VI_Quality_2017273_aid0001,aid0001,2017-09-30 00:00:00+00:00,3211.0,,,,16.0,,,,,,,,
_250m_16_days_VI_Quality_2017289_aid0001,aid0001,2017-10-16 00:00:00+00:00,3127.0,,,,100.0,,,,,,,,
_250m_16_days_VI_Quality_2017305_aid0001,aid0001,2017-11-01 00:00:00+00:00,3173.0,2.0,,,52.0,,,,,,,,
_250m_16_days_VI_Quality_2017321_aid0001,aid0001,2017-11-17 00:00:00+00:00,3071.0,,,,156.0,,,,,,,,
_250m_16_days_VI_Quality_2017337_aid0001,aid0001,2017-12-03 00:00:00+00:00,2697.0,,,,530.0,,,,,,,,
_250m_16_days_VI_Quality_2017353_aid0001,aid0001,2017-12-19 00:00:00+00:00,2883.0,,,,344.0,,,,,,,,
_250m_16_days_VI_Quality_2018001_aid0001,aid0001,2018-01-01 00:00:00+00:00,3179.0,,,,48.0,,,,,,,,
_250m_16_days_VI_Quality_2018017_aid0001,aid0001,2018-01-17 00:00:00+00:00,3203.0,,,,12.0,4.0,,,8.0,,,,
_250m_16_days_VI_Quality_2018033_aid0001,aid0001,2018-02-02 00:00:00+00:00,2726.0,,,,501.0,,,,,,,,
_250m_16_days_VI_Quality_2018049_aid0001,aid0001,2018-02-18 00:00:00+00:00,2835.0,,,,392.0,,,,,,,,
_250m_16_days_VI_Quality_2018065_aid0001,aid0001,2018-03-06 00:00:00+00:00,3107.0,,,,120.0,,,,,,,,
_250m_16_days_VI_Quality_2018081_aid0001,aid0001,2018-03-22 00:00:00+00:00,3207.0,,,,20.0,,,,,,,,
_250m_16_days_VI_Quality_2018097_aid0001,aid0001,2018-04-07 00:00:00+00:00,3079.0,,,,148.0,,,,,,,,
_250m_16_days_VI_Quality_2018113_aid0001,aid0001,2018-04-23 00:00:00+00:00,3187.0,,,,40.0,,,,,,,,
_250m_16_days_VI_Quality_2018129_aid0001,aid0001,2018-05-09 00:00:00+00:00,3139.0,52.0,,,32.0,4.0,,,,,,,
_250m_16_days_VI_Quality_2018145_aid0001,aid0001,2018-05-25 00:00:00+00:00,3175.0,,,,52.0,,,,,,,,
_250m_16_days_VI_Quality_2018161_aid0001,aid0001,2018-06-10 00:00:00+00:00,3107.0,,,,120.0,,,,,,,,
_250m_16_days_VI_Quality_2018177_aid0001,aid0001,2018-06-26 00:00:00+00:00,3175.0,,,,52.0,,,,,,,,
_250m_16_days_VI_Quality_2018193_aid0001,aid0001,2018-07-12 00:00:00+00:00,3015.0,4.0,,,208.0,,,,,,,,
_250m_16_days_VI_Quality_2018209_aid0001,aid0001,2018-07-28 00:00:00+00:00,3035.0,,,,192.0,,,,,,,,
_250m_16_days_VI_Quality_2018225_aid0001,aid0001,2018-08-13 00:00:00+00:00,3063.0,,,,164.0,,,,,,,,
_250m_16_days_VI_Quality_2018241_aid0001,aid0001,2018-08-29 00:00:00+00:00,3099.0,,,,128.0,,,,,,,,
_250m_16_days_VI_Quality_2018257_aid0001,aid0001,2018-09-14 00:00:00+00:00,3207.0,12.0,,,8.0,,,,,,,,
_250m_16_days_VI_Quality_2018273_aid0001,aid0001,2018-09-30 00:00:00+00:00,3119.0,64.0,,,44.0,,,,,,,,
_250m_16_days_VI_Quality_2018289_aid0001,aid0001,2018-10-16 00:00:00+00:00,3211.0,,,,16.0,,,,,,,,
_250m_16_days_VI_Quality_2018305_aid0001,aid0001,2018-11-01 00:00:00+00:00,3207.0,,,,20.0,,,,,,,,
_250m_16_days_VI_Quality_2018321_aid0001,aid0001,2018-11-17 00:00:00+00:00,3189.0,6.0,,,32.0,,,,,,,,
_250m_16_days_VI_Quality_2018337_aid0001,aid0001,2018-12-03 00:00:00+00:00,3167.0,,,,60.0,,,,,,,,
_250m_16_days_VI_Quality_2018353_aid0001,aid0001,2018-12-19 00:00:00+00:00,2995.0,,,,232.0,,,,,,,,
_250m_16_days_VI_Quality_2019001_aid0001,aid0001,2019-01-01 00:00:00+00:00,3001.0,,,,196.0,12.0,,,18.0,,,,
_250m_16_days_VI_Quality_2019017_aid0001,aid0001,2019-01-17 00:00:00+00:00,3059.0,,,,168.0,,,,,,,,
_250m_16_days_VI_Quality_2019033_aid0001,aid0001,2019-02-02 00:00:00+00:00,3091.0,12.0,,,124.0,,,,,,,,
_250m_16_days_VI_Quality_2019049_aid0001,aid0001,2019-02-18 00:00:00+00:00,2827.0,4.0,,,396.0,,,,,,,,
_250m_16_days_VI_Quality_2019065_aid0001,aid0001,2019-03-06 00:00:00+00:00,2731.0,,,,496.0,,,,,,,,
_250m_16_days_VI_Quality_2019081_aid0001,aid0001,2019-03-22 00:00:00+00:00,3043.0,,,,184.0,,,,,,,,
_250m_16_days_VI_Quality_2019097_aid0001,aid0001,2019-04-07 00:00:00+00:00,3019.0,,,,208.0,,,,,,,,
_250m_16_days_VI_Quality_2019113_aid0001,aid0001,2019-04-23 00:00:00+00:00,2927.0,,,,300.0,,,,,,,,
_250m_16_days_VI_Quality_2019129_aid0001,aid0001,2019-05-09 00:00:00+00:00,3127.0,,,,100.0,,,,,,,,
_250m_16_days_VI_Quality_2019145_aid0001,aid0001,2019-05-25 00:00:00+00:00,2999.0,,,,228.0,,,,,,,,
_250m_16_days_VI_Quality_2019161_aid0001,aid0001,2019-06-10 00:00:00+00:00,3195.0,,,,32.0,,,,,,,,
_250m_16_days_VI_Quality_2019177_aid0001,aid0001,2019-06-26 00:00:00+00:00,3195.0,,,,32.0,,,,,,,,
_250m_16_days_VI_Quality_2019193_aid0001,aid0001,2019-07-12 00:00:00+00:00,2947.0,,,,280.0,,,,,,,,
_250m_16_days_VI_Quality_2019209_aid0001,aid0001,2019-07-28 00:00:00+00:00,3219.0,,,,8.0,,,,,,,,
_250m_16_days_VI_Quality_2019225_aid0001,aid0001,2019-08-13 00:00:00+00:00,3171.0,,,,56.0,,,,,,,,
_250m_16_days_VI_Quality_2019241_aid0001,aid0001,2019-08-29 00:00:00+00:00,3015.0,,,,212.0,,,,,,,,
_250m_16_days_VI_Quality_2019257_aid0001,aid0001,2019-09-14 00:00:00+00:00,3179.0,,,,48.0,,,,,,,,
_250m_16_days_VI_Quality_2019273_aid0001,aid0001,2019-09-30 00:00:00+00:00,3127.0,,,,100.0,,,,,,,,
_250m_16_days_VI_Quality_2019289_aid0001,aid0001,2019-10-16 00:00:00+00:00,2419.0,,,,808.0,,,,,,,,
_250m_16_days_VI_Quality_2019305_aid0001,aid0001,2019-11-01 00:00:00+00:00,2351.0,,,,876.0,,,,,,,,
_250m_16_days_VI_Quality_2019321_aid0001,aid0001,2019-11-17 00:00:00+00:00,3055.0,,,,172.0,,,,,,,,
_250m_16_days_VI_Quality_2019337_aid0001,aid0001,2019-12-03 00:00:00+00:00,3215.0,,,,8.0,4.0,,,,,,,
_250m_16_days_VI_Quality_2019353_aid0001,aid0001,2019-12-19 00:00:00+00:00,3091.0,,,,92.0,,,,36.0,,,8.0,
_250m_16_days_VI_Quality_2020001_aid0001,aid0001,2020-01-01 00:00:00+00:00,3127.0,,,,92.0,4.0,,,,4.0,,,
_250m_16_days_VI_Quality_2020017_aid0001,aid0001,2020-01-17 00:00:00+00:00,2967.0,12.0,,,244.0,,,,,,,4.0,
_250m_16_days_VI_Quality_2020033_aid0001,aid0001,2020-02-02 00:00:00+00:00,2979.0,,,,248.0,,,,,,,,
_250m_16_days_VI_Quality_2020049_aid0001,aid0001,2020-02-18 00:00:00+00:00,2525.0,566.0,,,80.0,56.0,,,,,,,
_250m_16_days_VI_Quality_2020065_aid0001,aid0001,2020-03-05 00:00:00+00:00,2755.0,,,,472.0,,,,,,,,
_250m_16_days_VI_Quality_2020081_aid0001,aid0001,2020-03-21 00:00:00+00:00,2771.0,,,,456.0,,,,,,,,
_250m_16_days_VI_Quality_2020097_aid0001,aid0001,2020-04-06 00:00:00+00:00,3107.0,4.0,,,116.0,,,,,,,,
_250m_16_days_VI_Quality_2020113_aid0001,aid0001,2020-04-22 00:00:00+00:00,2907.0,,,,320.0,,,,,,,,
_250m_16_days_VI_Quality_2020129_aid0001,aid0001,2020-05-08 00:00:00+00:00,2959.0,,,,268.0,,,,,,,,
_250m_16_days_VI_Quality_2020145_aid0001,aid0001,2020-05-24 00:00:00+00:00,3119.0,,,,108.0,,,,,,,,
_250m_16_days_VI_Quality_2020161_aid0001,aid0001,2020-06-09 00:00:00+00:00,3087.0,4.0,,,136.0,,,,,,,,
_250m_16_days_VI_Quality_2020177_aid0001,aid0001,2020-06-25 00:00:00+00:00,2831.0,8.0,,,388.0,,,,,,,,
_250m_16_days_VI_Quality_2020193_aid0001,aid0001,2020-07-11 00:00:00+00:00,3035.0,,,,192.0,,,,,,,,
_250m_16_days_VI_Quality_2020209_aid0001,aid0001,2020-07-27 00:00:00+00:00,3115.0,,,,112.0,,,,,,,,
_250m_16_days_VI_Quality_2020225_aid0001,aid0001,2020-08-12 00:00:00+00:00,3031.0,,,,196.0,,,,,,,,
_250m_16_days_VI_Quality_2020241_aid0001,aid0001,2020-08-28 00:00:00+00:00,2767.0,,,,460.0,,,,,,,,
_250m_16_days_VI_Quality_2020257_aid0001,aid0001,2020-09-13 00:00:00+00:00,3063.0,,,,164.0,,,,,,,,
_250m_16_days_VI_Quality_2020273_aid0001,aid0001,2020-09-29 00:00:00+00:00,2959.0,,,,268.0,,,,,,,,
_250m_16_days_VI_Quality_2020289_aid0001,aid0001,2020-10-15 00:00:00+00:00,3207.0,4.0,,,16.0,,,,,,,,
_250m_16_days_VI_Quality_2020305_aid0001,aid0001,2020-10-31 00:00:00+00:00,2997.0,72.0,,,118.0,40.0,,,,,,,
_250m_16_days_VI_Quality_2020321_aid0001,aid0001,2020-11-16 00:00:00+00:00,3067.0,8.0,,,152.0,,,,,,,,
_250m_16_days_VI_Quality_2020337_aid0001,aid0001,2020-12-02 00:00:00+00:00,2811.0,,,,414.0,,,,2.0,,,,
_250m_16_days_VI_Quality_2020353_aid0001,aid0001,2020-12-18 00:00:00+00:00,2979.0,,,,248.0,,,,,,,,
_250m_16_days_VI_Quality_2021001_aid0001,aid0001,2021-01-01 00:00:00+00:00,2674.0,,,,553.0,,,,,,,,
_250m_16_days_VI_Quality_2021017_aid0001,aid0001,2021-01-17 00:00:00+00:00,3143.0,,,,84.0,,,,,,,,
_250m_16_days_VI_Quality_2021033_aid0001,aid0001,2021-02-02 00:00:00+00:00,2887.0,,,,340.0,,,,,,,,
_250m_16_days_VI_Quality_2021049_aid0001,aid0001,2021-02-18 00:00:00+00:00,1871.0,1120.0,,,96.0,140.0,,,,,,,
_250m_16_days_VI_Quality_2021065_aid0001,aid0001,2021-03-06 00:00:00+00:00,3191.0,,,,36.0,,,,,,,,
_250m_16_days_VI_Quality_2021081_aid0001,aid0001,2021-03-22 00:00:00+00:00,3007.0,,,,220.0,,,,,,,,
_250m_16_days_VI_Quality_2021097_aid0001,aid0001,2021-04-07 00:00:00+00:00,2827.0,,,,400.0,,,,,,,,
_250m_16_days_VI_Quality_2021113_aid0001,aid0001,2021-04-23 00:00:00+00:00,2791.0,,,,436.0,,,,,,,,
_250m_16_days_VI_Quality_2021129_aid0001,aid0001,2021-05-09 00:00:00+00:00,3103.0,,,,124.0,,,,,,,,
_250m_16_days_VI_Quality_2021145_aid0001,aid0001,2021-05-25 00:00:00+00:00,3047.0,,,,180.0,,,,,,,,
_250m_16_days_VI_Quality_2021161_aid0001,aid0001,2021-06-10 00:00:00+00:00,3059.0,,,,168.0,,,,,,,,
_250m_16_days_VI_Quality_2021177_aid0001,aid0001,2021-06-26 00:00:00+00:00,3083.0,,,,144.0,,,,,,,,
_250m_16_days_VI_Quality_2021193_aid0001,aid0001,2021-07-12 00:00:00+00:00,3123.0,12.0,,,92.0,,,,,,,,
_250m_16_days_VI_Quality_2021209_aid0001,aid0001,2021-07-28 00:00:00+00:00,3199.0,,,,28.0,,,,,,,,
_250m_16_days_VI_Quality_2021225_aid0001,aid0001,2021-08-13 00:00:00+00:00,2787.0,,,,440.0,,,,,,,,
_250m_16_days_VI_Quality_2021241_aid0001,aid0001,2021-08-29 00:00:00+00:00,2907.0,,,,320.0,,,,,,,,
_250m_16_days_VI_Quality_2021257_aid0001,aid0001,2021-09-14 00:00:00+00:00,3179.0,12.0,,,36.0,,,,,,,,
_250m_16_days_VI_Quality_2021273_aid0001,aid0001,2021-09-30 00:00:00+00:00,2491.0,64.0,,,668.0,4.0,,,,,,,
_250m_16_days_VI_Quality_2021289_aid0001,aid0001,2021-10-16 00:00:00+00:00,2783.0,64.0,,,380.0,,,,,,,,
_250m_16_days_VI_Quality_2021305_aid0001,aid0001,2021-11-01 00:00:00+00:00,2931.0,,,,296.0,,,,,,,,
_250m_16_days_VI_Quality_2021321_aid0001,aid0001,2021-11-17 00:00:00+00:00,2927.0,,,,300.0,,,,,,,,
_250m_16_days_VI_Quality_2021337_aid0001,aid0001,2021-12-03 00:00:00+00:00,1820.0,,,,1407.0,,,,,,,,
_250m_16_days_VI_Quality_2021353_aid0001,aid0001,2021-12-19 00:00:00+00:00,856.0,,,,204.0,,12.0,,983.0,739.0,,88.0,345.0
_250m_16_days_VI_Quality_2022001_aid0001,aid0001,2022-01-01 00:00:00+00:00,2483.0,,,,744.0,,,,,,,,
_250m_16_days_VI_Quality_2022017_aid0001,aid0001,2022-01-17 00:00:00+00:00,2759.0,,,,468.0,,,,,,,,
_250m_16_days_VI_Quality_2022033_aid0001,aid0001,2022-02-02 00:00:00+00:00,3107.0,,,,120.0,,,,,,,,
_250m_16_days_VI_Quality_2022049_aid0001,aid0001,2022-02-18 00:00:00+00:00,2236.0,880.0,,,83.0,28.0,,,,,,,
_250m_16_days_VI_Quality_2022065_aid0001,aid0001,2022-03-06 00:00:00+00:00,3207.0,,,,20.0,,,,,,,,
_250m_16_days_VI_Quality_2022081_aid0001,aid0001,2022-03-22 00:00:00+00:00,2843.0,,,,384.0,,,,,,,,
_250m_16_days_VI_Quality_2022097_aid0001,aid0001,2022-04-07 00:00:00+00:00,3115.0,,,,112.0,,,,,,,,
_250m_16_days_VI_Quality_2022113_aid0001,aid0001,2022-04-23 00:00:00+00:00,3187.0,,,,40.0,,,,,,,,
_250m_16_days_VI_Quality_2022129_aid0001,aid0001,2022-05-09 00:00:00+00:00,3035.0,,,,192.0,,,,,,,,
_250m_16_days_VI_Quality_2022145_aid0001,aid0001,2022-05-25 00:00:00+00:00,3159.0,,,,68.0,,,,,,,,
_250m_16_days_VI_Quality_2022161_aid0001,aid0001,2022-06-10 00:00:00+00:00,2955.0,,,,272.0,,,,,,,,
_250m_16_days_VI_Quality_2022177_aid0001,aid0001,2022-06-26 00:00:00+00:00,2899.0,,,,328.0,,,,,,,,
_250m_16_days_VI_Quality_2022193_aid0001,aid0001,2022-07-12 00:00:00+00:00,3227.0,,,,,,,,,,,,
_250m_16_days_VI_Quality_2022209_aid0001,aid0001,2022-07-28 00:00:00+00:00,3207.0,,,,20.0,,,,,,,,
_250m_16_days_VI_Quality_2022225_aid0001,aid0001,2022-08-13 00:00:00+00:00,3227.0,,,,,,,,,,,,
_250m_16_days_VI_Quality_2022241_aid0001,aid0001,2022-08-29 00:00:00+00:00,3195.0,,,,32.0,,,,,,,,
_250m_16_days_VI_Quality_2022257_aid0001,aid0001,2022-09-14 00:00:00+00:00,3227.0,,,,,,,,,,,,
_250m_16_days_VI_Quality_2022273_aid0001,aid0001,2022-09-30 00:00:00+00:00,2855.0,4.0,,,368.0,,,,,,,,
_250m_16_days_VI_Quality_2022289_aid0001,aid0001,2022-10-16 00:00:00+00:00,1340.0,560.0,,,1167.0,160.0,,,,,,,
_250m_16_days_VI_Quality_2022305_aid0001,aid0001,2022-11-01 00:00:00+00:00,3143.0,,,,84.0,,,,,,,,
_250m_16_days_VI_Quality_2022321_aid0001,aid0001,2022-11-17 00:00:00+00:00,2447.0,8.0,,,772.0,,,,,,,,
_250m_16_days_VI_Quality_2022337_aid0001,aid0001,2022-12-03 00:00:00+00:00,3155.0,,,,72.0,,,,,,,,
_250m_16_days_VI_Quality_2022353_aid0001,aid0001,2022-12-19 00:00:00+00:00,3203.0,4.0,,,20.0,,,,,,,,
_250m_16_days_VI_Quality_2023001_aid0001,aid0001,2023-01-01 00:00:00+00:00,2443.0,,,,784.0,,,,,,,,
_250m_16_days_VI_Quality_2023017_aid0001,aid0001,2023-01-17 00:00:00+00:00,2742.0,,,,477.0,,,,4.0,,,4.0,
_250m_16_days_VI_Quality_2023033_aid0001,aid0001,2023-02-02 00:00:00+00:00,3187.0,,,,40.0,,,,,,,,
_250m_16_days_VI_Quality_2023049_aid0001,aid0001,2023-02-18 00:00:00+00:00,3147.0,,,,80.0,,,,,,,,
_250m_16_days_VI_Quality_2023065_aid0001,aid0001,2023-03-06 00:00:00+00:00,3095.0,4.0,,,128.0,,,,,,,,
_250m_16_days_VI_Quality_2023081_aid0001,aid0001,2023-03-22 00:00:00+00:00,2625.0,522.0,,,60.0,20.0,,,,,,,
_250m_16_days_VI_Quality_2023097_aid0001,aid0001,2023-04-07 00:00:00+00:00,2819.0,,,,408.0,,,,,,,,
_250m_16_days_VI_Quality_2023113_aid0001,aid0001,2023-04-23 00:00:00+00:00,3020.0,75.0,,,132.0,,,,,,,,
_250m_16_days_VI_Quality_2023129_aid0001,aid0001,2023-05-09 00:00:00+00:00,3151.0,,,,76.0,,,,,,,,
_250m_16_days_VI_Quality_2023145_aid0001,aid0001,2023-05-25 00:00:00+00:00,3099.0,,,,128.0,,,,,,,,
_250m_16_days_VI_Quality_2023161_aid0001,aid0001,2023-06-10 00:00:00+00:00,3143.0,4.0,,,80.0,,,,,,,,
_250m_16_days_VI_Quality_2023177_aid0001,aid0001,2023-06-26 00:00:00+00:00,3219.0,,,,8.0,,,,,,,,
_250m_16_days_VI_Quality_2023193_aid0001,aid0001,2023-07-12 00:00:00+00:00,3203.0,8.0,,,16.0,,,,,,,,
_250m_16_days_VI_Quality_2023209_aid0001,aid0001,2023-07-28 00:00:00+00:00,3204.0,3.0,,,20.0,,,,,,,,
_250m_16_days_VI_Quality_2023225_aid0001,aid0001,2023-08-13 00:00:00+00:00,3227.0,,,,,,,,,,,,
_250m_16_days_VI_Quality_2023241_aid0001,aid0001,2023-08-29 00:00:00+00:00,3215.0,4.0,,,8.0,,,,,,,,
_250m_16_days_VI_Quality_2023257_aid0001,aid0001,2023-09-14 00:00:00+00:00,3163.0,4.0,,,60.0,,,,,,,,
_250m_16_days_VI_Quality_2023273_aid0001,aid0001,2023-09-30 00:00:00+00:00,2562.0,376.0,,,249.0,40.0,,,,,,,
_250m_16_days_VI_Quality_2023289_aid0001,aid0001,2023-10-16 00:00:00+00:00,3083.0,4.0,,,136.0,4.0,,,,,,,
_250m_16_days_VI_Quality_2023305_aid0001,aid0001,2023-11-01 00:00:00+00:00,2768.0,443.0,,,4.0,12.0,,,,,,,
_250m_16_days_VI_Quality_2023321_aid0001,aid0001,2023-11-17 00:00:00+00:00,3211.0,,,,16.0,,,,,,,,
_250m_16_days_VI_Quality_2023337_aid0001,aid0001,2023-12-03 00:00:00+00:00,1630.0,148.0,,12.0,1389.0,,,48.0,,,,,
_250m_16_days_VI_Quality_2023353_aid0001,aid0001,2023-12-19 00:00:00+00:00,3029.0,,,,182.0,4.0,,,8.0,,,,4.0
_250m_16_days_VI_Quality_2024001_aid0001,aid0001,2024-01-01 00:00:00+00:00,3227.0,,,,,,,,,,,,
_250m_16_days_VI_Quality_2024017_aid0001,aid0001,2024-01-17 00:00:00+00:00,2716.0,4.0,,,268.0,,,,235.0,,4.0,,
_250m_16_days_VI_Quality_2024033_aid0001,aid0001,2024-02-02 00:00:00+00:00,3187.0,36.0,,,4.0,,,,,,,,
_250m_16_days_VI_Quality_2024049_aid0001,aid0001,2024-02-18 00:00:00+00:00,3175.0,4.0,,,48.0,,,,,,,,
_250m_16_days_VI_Quality_2024065_aid0001,aid0001,2024-03-05 00:00:00+00:00,3163.0,,,,64.0,,,,,,,,
_250m_16_days_VI_Quality_2024081_aid0001,aid0001,2024-03-21 00:00:00+00:00,3107.0,,,,120.0,,,,,,,,
_250m_16_days_VI_Quality_2024097_aid0001,aid0001,2024-04-06 00:00:00+00:00,3185.0,2.0,,,40.0,,,,,,,,
_250m_16_days_VI_Quality_2024113_aid0001,aid0001,2024-04-22 00:00:00+00:00,3211.0,,,,16.0,,,,,,,,
_250m_16_days_VI_Quality_2024129_aid0001,aid0001,2024-05-08 00:00:00+00:00,2875.0,4.0,,,348.0,,,,,,,,
_250m_16_days_VI_Quality_2024145_aid0001,aid0001,2024-05-24 00:00:00+00:00,3135.0,,,,92.0,,,,,,,,
_250m_16_days_VI_Quality_2024161_aid0001,aid0001,2024-06-09 00:00:00+00:00,3223.0,,,,4.0,,,,,,,,
_250m_16_days_VI_Quality_2024177_aid0001,aid0001,2024-06-25 00:00:00+00:00,2831.0,,,,396.0,,,,,,,,
_250m_16_days_VI_Quality_2024193_aid0001,aid0001,2024-07-11 00:00:00+00:00,2979.0,4.0,,,244.0,,,,,,,,
_250m_16_days_VI_Quality_2024209_aid0001,aid0001,2024-07-27 00:00:00+00:00,3223.0,4.0,,,,,,,,,,,
_250m_16_days_VI_Quality_2024225_aid0001,aid0001,2024-08-12 00:00:00+00:00,3182.0,1.0,,,44.0,,,,,,,,
_250m_16_days_VI_Quality_2024241_aid0001,aid0001,2024-08-28 00:00:00+00:00,3095.0,8.0,,,120.0,4.0,,,,,,,
_250m_16_days_VI_Quality_2024257_aid0001,aid0001,2024-09-13 00:00:00+00:00,3103.0,,,,124.0,,,,,,,,
_250m_16_days_VI_Quality_2024273_aid0001,aid0001,2024-09-29 00:00:00+00:00,3183.0,4.0,,,40.0,,,,,,,,
_250m_16_days_VI_Quality_2024289_aid0001,aid0001,2024-10-15 00:00:00+00:00,3191.0,,,,36.0,,,,,,,,
_250m_16_days_VI_Quality_2024305_aid0001,aid0001,2024-10-31 00:00:00+00:00,2895.0,2.0,,,330.0,,,,,,,,
_250m_16_days_VI_Quality_2024321_aid0001,aid0001,2024-11-16 00:00:00+00:00,3227.0,,,,,,,,,,,,
_250m_16_days_VI_Quality_2024337_aid0001,aid0001,2024-12-02 00:00:00+00:00,2325.0,110.0,,,792.0,,,,,,,,
_250m_16_days_VI_Quality_2024353_aid0001,aid0001,2024-12-18 00:00:00+00:00,12.0,3126.0,,,,8.0,,,,81.0,,,
_250m_16_days_VI_Quality_2025001_aid0001,aid0001,2025-01-01 00:00:00+00:00,,2971.0,,,,256.0,,,,,,,
_250m_16_days_VI_Quality_2025017_aid0001,aid0001,2025-01-17 00:00:00+00:00,1780.0,,4.0,,357.0,,,,755.0,287.0,,16.0,28.0
_250m_16_days_VI_Quality_2025033_aid0001,aid0001,2025-02-02 00:00:00+00:00,3223.0,,,,,,,,4.0,,,,
_250m_16_days_VI_Quality_2025049_aid0001,aid0001,2025-02-18 00:00:00+00:00,2939.0,,,,288.0,,,,,,,,
_250m_16_days_VI_Quality_2025065_aid0001,aid0001,2025-03-06 00:00:00+00:00,3215.0,,,,12.0,,,,,,,,
_250m_16_days_VI_Quality_2025081_aid0001,aid0001,2025-03-22 00:00:00+00:00,3223.0,,,,4.0,,,,,,,,
_250m_16_days_VI_Quality_2025097_aid0001,aid0001,2025-04-07 00:00:00+00:00,2939.0,,,,288.0,,,,,,,,
_250m_16_days_VI_Quality_2025113_aid0001,aid0001,2025-04-23 00:00:00+00:00,3223.0,,,,4.0,,,,,,,,
_250m_16_days_VI_Quality_2025129_aid0001,aid0001,2025-05-09 00:00:00+00:00,3153.0,,,,74.0,,,,,,,,
_250m_16_days_VI_Quality_2025145_aid0001,aid0001,2025-05-25 00:00:00+00:00,3199.0,,,,28.0,,,,,,,,
_250m_16_days_VI_Quality_2025161_aid0001,aid0001,2025-06-10 00:00:00+00:00,3195.0,8.0,,,24.0,,,,,,,,
_250m_16_days_VI_Quality_2025177_aid0001,aid0001,2025-06-26 00:00:00+00:00,3087.0,4.0,,,136.0,,,,,,,,
_250m_16_days_VI_Quality_2025193_aid0001,aid0001,2025-07-12 00:00:00+00:00,3035.0,,,,192.0,,,,,,,,
_250m_16_days_VI_Quality_2025209_aid0001,aid0001,2025-07-28 00:00:00+00:00,3215.0,4.0,,,8.0,,,,,,,,
_250m_16_days_VI_Quality_2025225_aid0001,aid0001,2025-08-13 00:00:00+00:00,3227.0,,,,,,,,,,,,
_250m_16_days_VI_Quality_2025241_aid0001,aid0001,2025-08-29 00:00:00+00:00,3127.0,,,,100.0,,,,,,,,
